,city_id,city,country,city_lat,city_lng,temp,humidity,cloudiness,wind_speed
0,1521230,Makīnsk,KZ,52.63,70.42,54.27,60,100,9.64
1,2964782,Dingle,IE,52.14,-10.27,62.6,88,40,4.7
2,3833367,Ushuaia,AR,-54.8,-68.3,39.2,80,75,8.05
3,964432,Port Alfred,ZA,-33.59,26.89,57.99,92,65,1.99
4,3372707,Ribeira Grande,PT,38.52,-28.7,68.0,68,40,16.11
5,2206939,Bluff,NZ,-46.6,168.33,49.55,89,23,9.42
6,4005370,Guadalupe y Calvo,MX,26.1,-106.97,80.47,22,1,1.12
7,1023309,Aliwal North,ZA,-30.69,26.71,42.62,49,0,10.36
8,3992842,Petatlán,MX,17.52,-101.27,87.8,62,5,6.93
9,2514651,Los Llanos de Aridane,ES,28.66,-17.92,75.36,57,40,4.7
10,2618795,Klaksvík,FO,62.23,-6.59,53.6,87,90,9.17
11,1506938,Erzin,RU,50.26,95.16,58.87,57,19,13.04
12,5848280,Kapaa,US,22.08,-159.32,72.86,83,20,13.87
13,1282256,Hithadhoo,MV,-0.6,73.08,85.01,75,95,14.16
14,5919815,Channel-Port aux Basques,CA,47.57,-59.14,51.62,63,58,8.84
15,3833367,Ushuaia,AR,-54.8,-68.3,39.2,80,75,8.05
16,3874787,Punta Arenas,CL,-53.15,-70.92,39.09,86,40,4.7
17,1015776,Bredasdorp,ZA,-34.53,20.04,55.4,87,17,5.93
18,2163355,Hobart,AU,-42.88,147.33,55.72,54,90,6.93
19,5880054,Barrow,US,71.29,-156.79,37.4,71,1,10.29
20,1685422,Sulangan,PH,11.14,123.72,83.59,78,100,11.14
21,964432,Port Alfred,ZA,-33.59,26.89,57.99,92,65,1.99
22,4030556,Rikitea,PF,-23.12,-134.97,75.6,82,61,14.18
23,1071296,Antalaha,MG,-14.9,50.28,73.33,78,98,8.08
24,546105,Nikolskoye,RU,59.7,30.79,76.59,50,28,6.71
25,2155415,New Norfolk,AU,-42.78,147.06,53.19,80,99,3.0
26,3385935,Tucuruí,BR,-3.77,-49.67,88.86,58,5,4.88
27,1691872,Ransang,PH,8.96,117.58,80.78,79,89,5.68
28,3883457,Lebu,CL,-37.62,-73.65,54.03,76,100,27.02
29,5954718,Flin Flon,CA,54.77,-101.86,66.2,82,75,3.36
30,2065594,Mount Isa,AU,-20.73,139.5,60.8,34,0,13.87
31,2630299,Hofn,IS,64.25,-15.21,50.0,93,90,14.99
32,212730,Kisangani,CD,0.52,25.2,76.62,76,97,2.15
33,3370903,Jamestown,SH,-15.94,-5.72,66.18,83,32,18.37
34,127319,Khorramshahr,IR,30.44,48.17,109.4,8,0,6.93
35,3833367,Ushuaia,AR,-54.8,-68.3,39.2,80,75,8.05
36,1497337,Noril'sk,RU,69.35,88.2,44.6,56,7,11.18
37,2023584,Imeni Poliny Osipenko,RU,52.42,136.49,46.72,83,100,10.27
38,3354898,Okahandja,NA,-21.98,16.92,66.2,11,0,5.82
39,186180,Moyale,ET,3.52,39.05,69.37,61,84,7.07
40,3874787,Punta Arenas,CL,-53.15,-70.92,39.09,86,40,4.7
41,4034551,Faanui,PF,-16.48,-151.75,80.42,79,89,15.1
42,2075265,Busselton,AU,-33.65,115.33,55.6,77,100,5.55
43,3369157,Cape Town,ZA,-33.93,18.42,59.0,72,20,6.93
44,6185377,Yellowknife,CA,62.46,-114.35,56.7,62,75,25.28
45,934322,Mahébourg,MU,-20.41,57.7,71.6,68,75,13.87
46,1525490,Belūsovka,KZ,50.13,82.52,60.8,44,40,11.18
47,2634096,Whitehaven,GB,54.55,-3.58,62.01,91,42,5.23
48,3874787,Punta Arenas,CL,-53.15,-70.92,39.09,86,40,4.7
49,6149996,Smithers,CA,54.78,-127.17,51.8,62,75,3.42
50,2075265,Busselton,AU,-33.65,115.33,55.6,77,100,5.55
51,2128975,Nemuro,JP,43.32,145.57,52.97,97,98,12.46
52,4032243,Vaini,TO,-21.2,-175.2,69.8,68,20,12.75
53,1524606,Derzhavīnsk,KZ,51.1,66.32,59.18,50,98,11.41
54,7872147,Sierning,AT,48.04,14.31,59.23,93,75,10.29
55,3369157,Cape Town,ZA,-33.93,18.42,59.0,72,20,6.93
56,1015776,Bredasdorp,ZA,-34.53,20.04,55.4,87,17,5.93
57,2537881,Safi,MA,32.3,-9.24,75.56,59,73,22.82
58,3424607,Tasiilaq,GL,65.61,-37.64,44.6,70,75,5.82
59,3448903,São João da Barra,BR,-21.64,-41.05,75.2,73,90,13.87
60,1645528,Denpasar,ID,-8.65,115.22,82.4,78,40,11.41
61,2112309,Katsuura,JP,35.13,140.3,74.08,88,75,10.29
62,5223593,Newport,US,41.49,-71.31,69.01,60,1,16.11
63,4074736,Marshall,US,34.38,-86.33,77.23,57,75,8.05
64,2729907,Longyearbyen,SJ,78.22,15.64,37.4,64,75,18.34
65,3407762,Amapá,BR,1.0,-52.0,82.18,85,50,2.08
66,3553478,Santa Fe,CU,23.13,-82.26,87.39,62,75,3.36
67,3652764,Puerto Ayora,EC,-0.74,-90.35,75.76,73,40,14.99
68,2015306,Tiksi,RU,71.69,128.87,52.07,60,100,11.39
69,3874787,Punta Arenas,CL,-53.15,-70.92,39.09,86,40,4.7
70,4149635,Callaway,US,30.15,-85.57,89.24,40,1,6.35
71,3896218,Castro,CL,-42.47,-73.77,46.58,100,100,6.93
72,5710360,Winnemucca,US,40.97,-117.74,64.4,34,1,4.7
73,2454955,Kolokani,ML,13.57,-8.03,105.31,18,53,11.81
74,666770,Slănic-Moldova,RO,46.2,26.43,73.54,64,40,10.29
75,3444105,San Joaquin,BO,-16.38,-58.39,87.37,42,26,4.41
76,530196,Malye Derbety,RU,47.95,44.68,76.46,26,99,12.03
77,286245,Sur,OM,22.57,59.53,90.68,58,87,10.78
78,1015776,Bredasdorp,ZA,-34.53,20.04,55.4,87,17,5.93
79,5563839,Fortuna,US,40.6,-124.16,59.22,93,75,3.36
80,5848280,Kapaa,US,22.08,-159.32,72.86,83,20,13.87
81,4030556,Rikitea,PF,-23.12,-134.97,75.6,82,61,14.18
82,964420,Port Elizabeth,ZA,-33.92,25.57,55.4,93,16,9.17
83,1252795,Yanam,IN,16.73,82.22,86.0,74,75,9.17
84,4030556,Rikitea,PF,-23.12,-134.97,75.6,82,61,14.18
85,4020109,Atuona,PF,-9.8,-139.03,79.79,76,43,13.15
86,3421719,Narsaq,GL,60.92,-46.05,44.6,52,75,8.05
87,3419842,Sisimiut,GL,66.94,-53.67,38.19,77,100,7.4
88,2077963,Albany,AU,-35.02,117.89,57.2,71,90,8.05
89,2017155,Saskylakh,RU,71.92,114.08,53.28,74,70,10.54
90,5866583,Saint Paul Harbor,US,57.79,-152.41,50.0,81,1,4.94
91,3374462,Mindelo,CV,16.89,-24.98,86.0,58,3,10.29
92,2122090,Pevek,RU,69.7,170.31,38.84,85,0,2.33
93,3419842,Sisimiut,GL,66.94,-53.67,38.19,77,100,7.4
94,6185377,Yellowknife,CA,62.46,-114.35,56.7,62,75,25.28
95,5866583,Saint Paul Harbor,US,57.79,-152.41,50.0,81,1,4.94
96,2074865,Carnarvon,AU,-24.87,113.63,67.21,26,0,17.31
97,1895695,Kushima,JP,31.46,131.23,75.2,83,90,13.87
98,964432,Port Alfred,ZA,-33.59,26.89,57.99,92,65,1.99
99,2629833,Husavik,IS,66.04,-17.34,55.4,71,75,27.51
100,2381334,Atar,MR,20.52,-13.05,111.09,9,0,20.33
101,6089245,Norman Wells,CA,65.28,-126.83,60.8,38,75,12.75
102,2022572,Khatanga,RU,71.97,102.5,45.77,77,100,20.27
103,2074865,Carnarvon,AU,-24.87,113.63,67.21,26,0,17.31
104,5880054,Barrow,US,71.29,-156.79,37.4,71,1,10.29
105,1184249,Attock,PK,33.77,72.36,83.86,34,0,4.7
106,935215,Saint-Philippe,RE,-21.36,55.77,66.43,78,48,12.75
107,1863997,Fukuechō,JP,32.69,128.84,72.32,89,92,11.12
108,3418910,Upernavik,GL,72.79,-56.15,34.54,88,100,2.15
109,3985168,San Patricio,MX,19.22,-104.7,87.8,66,5,5.82
110,2163355,Hobart,AU,-42.88,147.33,55.72,54,90,6.93
111,3420846,Qaqortoq,GL,60.72,-46.03,44.6,52,75,8.05
112,3366880,Hermanus,ZA,-34.42,19.23,55.99,85,60,13.27
113,3874787,Punta Arenas,CL,-53.15,-70.92,39.09,86,40,4.7
114,2629833,Husavik,IS,66.04,-17.34,55.4,71,75,27.51
115,4030556,Rikitea,PF,-23.12,-134.97,75.6,82,61,14.18
116,3369157,Cape Town,ZA,-33.93,18.42,59.0,72,20,6.93
117,2964782,Dingle,IE,52.14,-10.27,62.6,88,40,4.7
118,1502073,Krasnosel'kup,RU,65.7,82.47,44.62,58,71,7.38
119,3833367,Ushuaia,AR,-54.8,-68.3,39.2,80,75,8.05
120,3839307,Rawson,AR,-43.3,-65.1,54.59,48,100,19.71
121,5830007,Lander,US,42.83,-108.73,64.74,25,1,8.05
122,2127060,Arman',RU,59.7,150.17,48.25,73,0,2.62
123,5855927,Hilo,US,19.73,-155.09,69.06,83,75,5.82
124,3134404,Tolga,NO,62.41,11.0,68.0,60,30,13.87
125,2035601,Mergen,CN,49.18,125.22,60.3,75,48,6.13
126,3366880,Hermanus,ZA,-34.42,19.23,55.99,85,60,13.27
127,3500957,La Romana,DO,18.43,-68.97,87.8,66,40,13.87
128,1529569,Changji,CN,44.02,87.32,80.6,24,0,8.95
129,2075265,Busselton,AU,-33.65,115.33,55.6,77,100,5.55
130,777019,Vardø,NO,70.37,31.11,48.2,57,40,29.97
131,5866583,Saint Paul Harbor,US,57.79,-152.41,50.0,81,1,4.94
132,2514651,Los Llanos de Aridane,ES,28.66,-17.92,75.36,57,40,4.7
133,3366880,Hermanus,ZA,-34.42,19.23,55.99,85,60,13.27
134,1056899,Sambava,MG,-14.27,50.17,73.27,81,96,12.66
135,2077963,Albany,AU,-35.02,117.89,57.2,71,90,8.05
136,1282256,Hithadhoo,MV,-0.6,73.08,85.01,75,95,14.16
137,3985168,San Patricio,MX,19.22,-104.7,87.8,66,5,5.82
138,3896218,Castro,CL,-42.47,-73.77,46.58,100,100,6.93
139,986717,Kruisfontein,ZA,-34.0,24.73,53.71,88,96,4.79
140,1488206,Ust'-Ishim,RU,57.69,71.17,50.09,73,3,3.29
141,95788,Hīt,IQ,33.64,42.83,96.48,12,39,10.42
142,4726440,San Juan,US,26.19,-98.16,86.79,62,20,3.11
143,1784648,Zhenhaicun,CN,24.26,118.09,82.4,88,99,6.71
144,778707,Mehamn,NO,71.04,27.85,41.0,86,75,21.94
145,4030556,Rikitea,PF,-23.12,-134.97,75.6,82,61,14.18
146,3356343,Karasburg,NA,-28.02,18.75,50.07,36,0,11.7
147,3659711,Cariamanga,EC,-4.33,-79.55,80.6,42,75,17.22
148,3421982,Maniitsoq,GL,65.42,-52.9,37.11,90,100,10.78
149,3137469,Sørland,NO,67.67,12.69,50.0,76,26,14.99
150,2123979,Kuril'sk,RU,45.23,147.88,50.25,93,100,6.15
151,3370903,Jamestown,SH,-15.94,-5.72,66.18,83,32,18.37
152,2013639,Verkhnevilyuysk,RU,63.45,120.32,61.2,46,97,9.35
153,6185377,Yellowknife,CA,62.46,-114.35,56.7,62,75,25.28
154,2411397,Georgetown,SH,-7.93,-14.42,78.49,73,27,15.57
155,1490256,Talnakh,RU,69.49,88.4,44.6,56,8,11.18
156,3366880,Hermanus,ZA,-34.42,19.23,55.99,85,60,13.27
157,2017155,Saskylakh,RU,71.92,114.08,53.28,74,70,10.54
158,1267390,Kavaratti,IN,10.57,72.64,84.76,79,100,19.86
159,6355222,Yulara,AU,-25.24,130.99,48.2,56,89,9.17
160,3652764,Puerto Ayora,EC,-0.74,-90.35,75.76,73,40,14.99
161,5354943,Half Moon Bay,US,37.46,-122.43,64.81,87,90,10.29
162,5367788,Lompoc,US,34.64,-120.46,62.69,77,0,5.82
163,3370903,Jamestown,SH,-15.94,-5.72,66.18,83,32,18.37
164,921786,Mitsamiouli,KM,-11.38,43.28,76.98,75,27,17.49
165,5356012,Healdsburg,US,38.61,-122.87,70.47,65,100,6.73
166,3369157,Cape Town,ZA,-33.93,18.42,59.0,72,20,6.93
167,2110227,Butaritari,KI,3.07,172.79,83.12,73,21,7.7
168,935215,Saint-Philippe,RE,-21.36,55.77,66.43,78,48,12.75
169,1259385,Port Blair,IN,11.67,92.75,82.89,82,100,15.86
170,1011918,Danielskuil,ZA,-28.19,23.54,42.78,55,3,8.99
171,5880054,Barrow,US,71.29,-156.79,37.4,71,1,10.29
172,1282256,Hithadhoo,MV,-0.6,73.08,85.01,75,95,14.16
173,2274895,Monrovia,LR,6.3,-10.8,82.4,83,75,5.82
174,6185377,Yellowknife,CA,62.46,-114.35,56.7,62,75,25.28
175,2630299,Hofn,IS,64.25,-15.21,50.0,93,90,14.99
176,2178753,Kirakira,SB,-10.45,161.92,79.27,82,20,12.46
177,3421765,Nanortalik,GL,60.14,-45.24,40.57,74,79,6.55
178,3659544,Alamor,EC,-4.02,-80.02,82.4,61,75,6.93
179,1058381,Morondava,MG,-20.28,44.28,73.06,70,0,11.59
180,4030556,Rikitea,PF,-23.12,-134.97,75.6,82,61,14.18
181,3877918,Ovalle,CL,-30.6,-71.2,59.09,69,79,5.21
182,4020109,Atuona,PF,-9.8,-139.03,79.79,76,43,13.15
183,2122090,Pevek,RU,69.7,170.31,38.84,85,0,2.33
184,3833367,Ushuaia,AR,-54.8,-68.3,39.2,80,75,8.05
185,3374210,São Filipe,CV,14.9,-24.5,79.39,70,1,10.76
186,3874787,Punta Arenas,CL,-53.15,-70.92,39.09,86,40,4.7
187,2098329,Daru,PG,-9.08,143.21,78.66,86,97,18.1
188,5855927,Hilo,US,19.73,-155.09,69.06,83,75,5.82
189,6165406,Thompson,CA,55.74,-97.86,71.6,53,40,4.7
190,4031574,Provideniya,RU,64.38,-173.3,55.18,55,77,3.65
191,2136825,Isangel,VU,-19.55,169.27,73.13,78,8,17.81
192,4030556,Rikitea,PF,-23.12,-134.97,75.6,82,61,14.18
193,2128975,Nemuro,JP,43.32,145.57,52.97,97,98,12.46
194,546105,Nikolskoye,RU,59.7,30.79,76.59,50,28,6.71
195,2075265,Busselton,AU,-33.65,115.33,55.6,77,100,5.55
196,358619,Port Said,EG,31.26,32.28,80.6,54,0,6.93
197,2074865,Carnarvon,AU,-24.87,113.63,67.21,26,0,17.31
198,1006984,East London,ZA,-33.02,27.91,62.13,74,62,8.84
199,5895424,Bay Roberts,CA,47.6,-53.26,47.66,93,90,5.82
200,5855927,Hilo,US,19.73,-155.09,69.06,83,75,5.82
201,6184365,Woodstock,CA,43.13,-80.75,70.25,49,20,12.75
202,4030556,Rikitea,PF,-23.12,-134.97,75.6,82,61,14.18
203,3883457,Lebu,CL,-37.62,-73.65,54.03,76,100,27.02
204,1510377,Belyy Yar,RU,53.6,91.39,55.4,87,34,2.24
205,3516926,Pinotepa Nacional,MX,16.32,-98.02,94.41,46,0,3.11
206,2017155,Saskylakh,RU,71.92,114.08,53.28,74,70,10.54
207,613125,Makhinjauri,GE,41.67,41.69,75.2,78,8,3.42
208,4030556,Rikitea,PF,-23.12,-134.97,75.6,82,61,14.18
209,5666176,Miles City,US,46.41,-105.84,62.6,29,1,9.17
210,3366880,Hermanus,ZA,-34.42,19.23,55.99,85,60,13.27
211,2208248,Kaitangata,NZ,-46.28,169.85,45.0,77,0,3.0
212,1337610,Thinadhoo,MV,0.53,72.93,84.51,75,95,14.43
213,2108857,Gizo Government Station,SB,-8.1,156.84,82.8,74,95,7.78
214,5870133,Nome,US,64.5,-165.41,55.24,71,90,6.93
215,7290171,Plaster Rock,CA,46.91,-67.39,68.97,30,20,3.36
216,2177671,Armidale,AU,-30.52,151.65,38.07,78,0,2.37
217,2064550,Northam,AU,-31.67,116.67,57.2,82,90,3.36
218,1006984,East London,ZA,-33.02,27.91,62.13,74,62,8.84
219,3874787,Punta Arenas,CL,-53.15,-70.92,39.09,86,40,4.7
220,162627,Yabrūd,SY,33.97,36.66,73.8,26,0,13.87
221,6185377,Yellowknife,CA,62.46,-114.35,56.7,62,75,25.28
222,1732826,Mersing,MY,2.43,103.84,77.0,94,10,5.82
223,5850554,Makakilo City,US,21.35,-158.09,72.19,82,1,14.72
224,2121385,Severo-Kuril'sk,RU,50.68,156.12,40.91,92,100,14.32
225,3671387,Puerto Nariño,CO,-3.77,-70.38,78.8,94,90,2.24
226,3896218,Castro,CL,-42.47,-73.77,46.58,100,100,6.93
227,3833367,Ushuaia,AR,-54.8,-68.3,39.2,80,75,8.05
228,964420,Port Elizabeth,ZA,-33.92,25.57,55.4,93,16,9.17
229,287286,Ruwi,OM,23.6,58.55,91.4,89,32,4.7
230,2077963,Albany,AU,-35.02,117.89,57.2,71,90,8.05
231,2729907,Longyearbyen,SJ,78.22,15.64,37.4,64,75,18.34
232,5512862,Sparks,US,39.53,-119.75,67.69,28,75,3.36
233,964432,Port Alfred,ZA,-33.59,26.89,57.99,92,65,1.99
234,2206939,Bluff,NZ,-46.6,168.33,49.55,89,23,9.42
235,3598787,Champerico,GT,14.3,-91.92,87.8,58,2,6.93
236,3573061,Saint George,BM,32.38,-64.68,76.55,73,20,8.05
237,935215,Saint-Philippe,RE,-21.36,55.77,66.43,78,48,12.75
238,3453896,Pilar do Sul,BR,-23.81,-47.72,66.83,78,92,7.78
239,3418910,Upernavik,GL,72.79,-56.15,34.54,88,100,2.15
240,2663293,Vetlanda,SE,57.43,15.08,66.18,59,75,5.82
241,241131,Victoria,SC,-4.62,55.45,82.4,83,40,8.05
242,5848280,Kapaa,US,22.08,-159.32,72.86,83,20,13.87
243,1495812,Ous,RU,60.91,61.52,63.07,63,51,7.31
244,370481,Merowe,SD,18.48,31.82,98.73,9,0,10.38
245,3923145,Betanzos,BO,-19.55,-65.45,63.7,29,15,5.12
246,3445026,Vila Velha,BR,-20.33,-40.29,77.86,74,75,8.05
247,2686469,Örnsköldsvik,SE,63.29,18.72,78.8,31,99,8.05
248,1519030,Chu,KZ,43.6,73.76,76.32,34,1,16.4
249,2126123,Chokurdakh,RU,70.63,147.92,65.55,53,16,3.69
250,4031574,Provideniya,RU,64.38,-173.3,55.18,55,77,3.65
251,5866583,Saint Paul Harbor,US,57.79,-152.41,50.0,81,1,4.94
252,2077963,Albany,AU,-35.02,117.89,57.2,71,90,8.05
253,2075720,Broome,AU,-17.97,122.23,73.4,56,0,6.93
254,4755280,Danville,US,36.59,-79.39,57.54,87,90,10.29
255,5919850,Chapais,CA,49.78,-74.85,69.8,30,40,10.29
256,3573061,Saint George,BM,32.38,-64.68,76.55,73,20,8.05
257,3423146,Ilulissat,GL,69.22,-51.1,37.4,86,75,4.7
258,3115824,Muros,ES,42.78,-9.06,64.99,68,100,13.0
259,2122090,Pevek,RU,69.7,170.31,38.84,85,0,2.33
260,2155415,New Norfolk,AU,-42.78,147.06,53.19,80,99,3.0
261,4030556,Rikitea,PF,-23.12,-134.97,75.6,82,61,14.18
262,5855927,Hilo,US,19.73,-155.09,69.06,83,75,5.82
263,1633419,Padang,ID,-0.95,100.35,79.07,81,99,5.01
264,2155415,New Norfolk,AU,-42.78,147.06,53.19,80,99,3.0
265,5866583,Saint Paul Harbor,US,57.79,-152.41,50.0,81,1,4.94
266,3558315,Gibara,CU,21.11,-76.13,87.8,66,75,3.36
267,2374583,Bubaque,GW,11.28,-15.83,81.77,79,45,6.87
268,4036284,Alofi,NU,-19.06,-169.92,74.08,77,42,29.66
269,2206939,Bluff,NZ,-46.6,168.33,49.55,89,23,9.42
270,2077963,Albany,AU,-35.02,117.89,57.2,71,90,8.05
271,4030556,Rikitea,PF,-23.12,-134.97,75.6,82,61,14.18
272,3461592,Ibipeba,BR,-11.64,-42.01,83.19,34,16,15.14
273,515805,Oktyabr'skoye,RU,43.06,44.74,77.0,61,20,6.71
274,2018735,Nyurba,RU,63.28,118.33,59.68,89,82,4.5
275,286621,Salalah,OM,17.02,54.09,86.0,89,75,4.7
276,2159220,Mackay,AU,-21.15,149.2,67.21,94,90,6.93
277,1494482,Polunochnoye,RU,60.87,60.42,62.04,65,72,6.58
278,3896218,Castro,CL,-42.47,-73.77,46.58,100,100,6.93
279,2017155,Saskylakh,RU,71.92,114.08,53.28,74,70,10.54
280,2163355,Hobart,AU,-42.88,147.33,55.72,54,90,6.93
281,241131,Victoria,SC,-4.62,55.45,82.4,83,40,8.05
282,935215,Saint-Philippe,RE,-21.36,55.77,66.43,78,48,12.75
283,3652764,Puerto Ayora,EC,-0.74,-90.35,75.76,73,40,14.99
284,2091996,Madang,PG,-5.22,145.8,76.69,89,72,5.37
285,2191562,Dunedin,NZ,-45.87,170.5,52.68,62,1,1.01
286,3855065,General Roca,AR,-39.03,-67.58,42.8,60,91,5.82
287,3652764,Puerto Ayora,EC,-0.74,-90.35,75.76,73,40,14.99
288,6145890,Shelburne,CA,44.08,-80.2,67.77,39,1,8.05
289,1855342,Nishihara,JP,26.18,127.76,82.27,94,20,11.41
290,1489209,Troitskoye,RU,52.98,84.68,48.94,84,8,6.11
291,3533462,Acapulco de Juárez,MX,16.86,-99.89,87.8,66,5,5.82
292,5134086,Rochester,US,43.15,-77.62,68.31,37,40,12.75
293,3445026,Vila Velha,BR,-20.33,-40.29,77.86,74,75,8.05
294,5456975,Belen,US,34.66,-106.78,81.63,18,1,9.17
295,6089245,Norman Wells,CA,65.28,-126.83,60.8,38,75,12.75
296,1608033,Pak Phanang,TH,8.35,100.2,81.66,78,100,3.58
297,777019,Vardø,NO,70.37,31.11,48.2,57,40,29.97
298,2015306,Tiksi,RU,71.69,128.87,52.07,60,100,11.39
299,3573061,Saint George,BM,32.38,-64.68,76.55,73,20,8.05
300,2075265,Busselton,AU,-33.65,115.33,55.6,77,100,5.55
301,2077963,Albany,AU,-35.02,117.89,57.2,71,90,8.05
302,2017155,Saskylakh,RU,71.92,114.08,53.28,74,70,10.54
303,2110227,Butaritari,KI,3.07,172.79,83.12,73,21,7.7
304,2094027,Kieta,PG,-6.22,155.63,79.68,77,97,1.7
305,3557332,Guisa,CU,20.25,-76.54,87.8,66,75,3.36
306,3423146,Ilulissat,GL,69.22,-51.1,37.4,86,75,4.7
307,3934707,Mollendo,PE,-17.02,-72.01,66.33,68,63,8.08
308,610298,Beyneu,KZ,45.32,55.2,85.64,19,2,20.69
309,5367788,Lompoc,US,34.64,-120.46,62.69,77,0,5.82
310,5880054,Barrow,US,71.29,-156.79,37.4,71,1,10.29
311,3471451,Arraial do Cabo,BR,-22.97,-42.03,75.2,69,40,9.17
312,2460954,Araouane,ML,18.9,-3.53,113.77,6,0,19.62
313,4032243,Vaini,TO,-21.2,-175.2,69.8,68,20,12.75
314,3899695,Ancud,CL,-41.87,-73.82,46.17,100,98,6.93
315,2077895,Alice Springs,AU,-23.7,133.88,49.51,49,90,7.58
316,3874787,Punta Arenas,CL,-53.15,-70.92,39.09,86,40,4.7
317,3874787,Punta Arenas,CL,-53.15,-70.92,39.09,86,40,4.7
318,2077963,Albany,AU,-35.02,117.89,57.2,71,90,8.05
319,2077963,Albany,AU,-35.02,117.89,57.2,71,90,8.05
320,935215,Saint-Philippe,RE,-21.36,55.77,66.43,78,48,12.75
321,1803331,Linxia Chengguanzhen,CN,35.6,103.21,55.36,86,100,4.5
322,2126682,Bilibino,RU,68.05,166.44,60.22,56,8,2.48
323,2206939,Bluff,NZ,-46.6,168.33,49.55,89,23,9.42
324,6164499,The Pas,CA,53.83,-101.25,68.0,82,75,10.29
325,1685422,Sulangan,PH,11.14,123.72,83.59,78,100,11.14
326,5847486,Kailua,US,21.4,-157.74,75.25,64,20,9.17
327,4030556,Rikitea,PF,-23.12,-134.97,75.6,82,61,14.18
328,4030556,Rikitea,PF,-23.12,-134.97,75.6,82,61,14.18
329,1571058,Phan Thiet,VN,10.93,108.1,78.96,83,93,3.67
330,3451478,Riachão das Neves,BR,-11.75,-44.91,85.41,37,0,9.57
331,6065253,Manitouwadge,CA,49.12,-85.84,60.8,41,20,11.41
332,2236568,Uíge,AO,-7.61,15.06,74.86,43,45,1.19
333,1015776,Bredasdorp,ZA,-34.53,20.04,55.4,87,17,5.93
334,3984997,San Quintín,MX,30.48,-115.95,66.63,66,89,6.13
335,2075265,Busselton,AU,-33.65,115.33,55.6,77,100,5.55
336,933677,Kasane,BW,-17.82,25.15,71.6,35,94,4.7
337,1489656,Teya,RU,60.38,92.63,43.23,91,48,4.43
338,1006984,East London,ZA,-33.02,27.91,62.13,74,62,8.84
339,2126785,Belaya Gora,RU,68.53,146.42,67.05,50,92,3.71
340,1649150,Bengkulu,ID,-3.8,102.27,78.35,81,65,4.29
341,4030556,Rikitea,PF,-23.12,-134.97,75.6,82,61,14.18
342,2013258,Vrangel',RU,42.73,133.08,54.97,87,19,8.37
343,3448596,São Lourenço do Sul,BR,-31.37,-51.98,62.6,72,75,14.99
344,3835869,Santiago del Estero,AR,-27.8,-64.26,69.17,31,0,11.59
345,921786,Mitsamiouli,KM,-11.38,43.28,76.98,75,27,17.49
346,3359638,Walvis Bay,NA,-22.96,14.51,74.37,15,0,11.41
347,546105,Nikolskoye,RU,59.7,30.79,76.59,50,28,6.71
348,2126123,Chokurdakh,RU,70.63,147.92,65.55,53,16,3.69
349,1814093,Dali,CN,25.7,100.18,66.22,84,86,5.77
350,2077963,Albany,AU,-35.02,117.89,57.2,71,90,8.05
351,2288105,Grand-Lahou,CI,5.14,-5.02,80.2,82,100,8.9
352,933995,Souillac,MU,-20.52,57.52,71.6,68,75,13.87
353,3874787,Punta Arenas,CL,-53.15,-70.92,39.09,86,40,4.7
354,1785036,Zhangye,CN,38.93,100.45,67.35,43,100,4.76
355,3693646,Picota,PE,-6.92,-76.33,82.4,74,75,3.36
356,3395998,Macau,BR,-5.12,-36.63,87.08,58,19,12.33
357,2173911,Broken Hill,AU,-31.95,141.43,51.8,57,0,9.17
358,2108502,Honiara,SB,-9.43,159.95,73.4,100,40,8.05
359,2120048,Ust-Nera,RU,64.57,143.2,53.67,68,3,2.3
360,5866583,Saint Paul Harbor,US,57.79,-152.41,50.0,81,1,4.94
361,3874787,Punta Arenas,CL,-53.15,-70.92,39.09,86,40,4.7
362,2074865,Carnarvon,AU,-24.87,113.63,67.21,26,0,17.31
363,2017155,Saskylakh,RU,71.92,114.08,53.28,74,70,10.54
364,5855927,Hilo,US,19.73,-155.09,69.06,83,75,5.82
365,1502073,Krasnosel'kup,RU,65.7,82.47,44.62,58,71,7.38
366,3366880,Hermanus,ZA,-34.42,19.23,55.99,85,60,13.27
367,2347209,Bida,NG,9.08,6.02,89.53,60,25,4.61
368,3652764,Puerto Ayora,EC,-0.74,-90.35,75.76,73,40,14.99
369,3374462,Mindelo,CV,16.89,-24.98,86.0,58,3,10.29
370,964406,Port Shepstone,ZA,-30.74,30.45,60.57,62,0,8.08
371,487928,Novikovo,RU,51.15,37.89,69.71,81,48,11.05
372,2075265,Busselton,AU,-33.65,115.33,55.6,77,100,5.55
373,2123814,Leningradskiy,RU,69.38,178.42,42.58,86,0,2.06
374,1622318,Waingapu,ID,-9.66,120.26,75.79,82,48,9.57
375,3115824,Muros,ES,42.78,-9.06,64.99,68,100,13.0
376,3514277,Yecuatla,MX,19.87,-96.75,84.15,42,0,7.87
377,5720495,Coos Bay,US,43.37,-124.22,57.38,93,90,6.93
378,3355672,Lüderitz,NA,-26.65,15.16,73.4,25,0,16.11
379,3874787,Punta Arenas,CL,-53.15,-70.92,39.09,86,40,4.7
380,3833367,Ushuaia,AR,-54.8,-68.3,39.2,80,75,8.05
381,5880054,Barrow,US,71.29,-156.79,37.4,71,1,10.29
382,2206939,Bluff,NZ,-46.6,168.33,49.55,89,23,9.42
383,2075265,Busselton,AU,-33.65,115.33,55.6,77,100,5.55
384,2121385,Severo-Kuril'sk,RU,50.68,156.12,40.91,92,100,14.32
385,964432,Port Alfred,ZA,-33.59,26.89,57.99,92,65,1.99
386,3831208,Qaanaaq,GL,77.48,-69.36,35.62,84,72,5.91
387,1128239,Rūdbār,AF,30.15,62.6,96.35,9,0,9.8
388,3385935,Tucuruí,BR,-3.77,-49.67,88.86,58,5,4.88
389,494970,Sheltozero,RU,61.37,35.37,66.47,61,0,4.54
390,223816,Djibouti,DJ,11.5,42.5,90.7,36,99,9.6
391,965528,Phalaborwa,ZA,-23.94,31.14,64.4,27,0,6.93
392,2094746,Kandrian,PG,-6.22,149.55,77.34,89,41,4.63
393,5282297,Bethel,US,41.37,-73.41,70.77,45,40,5.82
394,6165406,Thompson,CA,55.74,-97.86,71.6,53,40,4.7
395,2077963,Albany,AU,-35.02,117.89,57.2,71,90,8.05
396,964432,Port Alfred,ZA,-33.59,26.89,57.99,92,65,1.99
397,3421193,Paamiut,GL,61.99,-49.67,39.83,83,95,18.75
398,1505965,Igrim,RU,63.19,64.42,63.05,58,78,5.03
399,3874787,Punta Arenas,CL,-53.15,-70.92,39.09,86,40,4.7
400,5866583,Saint Paul Harbor,US,57.79,-152.41,50.0,81,1,4.94
401,2208248,Kaitangata,NZ,-46.28,169.85,45.0,77,0,3.0
402,3833367,Ushuaia,AR,-54.8,-68.3,39.2,80,75,8.05
403,2964782,Dingle,IE,52.14,-10.27,62.6,88,40,4.7
404,3370903,Jamestown,SH,-15.94,-5.72,66.18,83,32,18.37
405,2071860,Esperance,AU,-33.87,121.9,48.2,93,90,8.05
406,3421765,Nanortalik,GL,60.14,-45.24,40.57,74,79,6.55
407,3665202,Aripuanã,BR,-9.17,-60.63,90.32,42,9,4.5
408,3385077,Conde,BR,-7.26,-34.91,84.2,70,40,8.05
409,3423146,Ilulissat,GL,69.22,-51.1,37.4,86,75,4.7
410,2077963,Albany,AU,-35.02,117.89,57.2,71,90,8.05
411,7535694,Desbiens,CA,48.42,-71.95,64.4,45,75,4.7
412,60019,Eyl,SO,7.98,49.82,86.41,52,17,22.03
413,1649150,Bengkulu,ID,-3.8,102.27,78.35,81,65,4.29
414,4032243,Vaini,TO,-21.2,-175.2,69.8,68,20,12.75
415,1587923,Bien Hoa,VN,10.95,106.82,80.6,94,75,4.7
416,2023350,Kabansk,RU,52.05,106.65,64.4,48,23,4.47
417,3893629,Coquimbo,CL,-29.95,-71.34,57.2,76,90,5.82
418,2155415,New Norfolk,AU,-42.78,147.06,53.19,80,99,3.0
419,4030556,Rikitea,PF,-23.12,-134.97,75.6,82,61,14.18
420,1510689,Baykit,RU,61.67,96.37,44.2,84,53,3.22
421,5848280,Kapaa,US,22.08,-159.32,72.86,83,20,13.87
422,1568574,Qui Nhon,VN,13.77,109.23,79.99,85,100,5.84
423,505014,Priyutovo,RU,53.9,53.93,56.55,88,3,5.55
424,2109528,Buala,SB,-8.14,159.59,80.53,81,73,9.26
425,7671223,Kloulklubed,PW,7.04,134.26,75.2,94,75,11.92
426,3354071,Oranjemund,NA,-28.55,16.43,60.39,45,0,17.13
427,3457191,Miguel Pereira,BR,-22.45,-43.47,70.47,83,90,4.7
428,3401148,Cururupu,BR,-1.83,-44.87,84.61,74,83,6.08
429,4156404,Gainesville,US,29.65,-82.32,83.89,58,1,12.75
430,1486321,Yar-Sale,RU,66.83,70.83,57.96,51,91,14.88
431,3833367,Ushuaia,AR,-54.8,-68.3,39.2,80,75,8.05
432,2074865,Carnarvon,AU,-24.87,113.63,67.21,26,0,17.31
433,64814,Bandarbeyla,SO,9.49,50.81,85.55,56,51,21.18
434,2444219,Gouré,NE,13.98,10.27,99.0,36,58,5.01
435,3894426,Coyhaique,CL,-45.58,-72.07,32.0,78,75,2.98
436,2075265,Busselton,AU,-33.65,115.33,55.6,77,100,5.55
437,247176,Şabḩā,JO,32.33,36.5,75.2,47,0,14.99
438,3398480,Gurupá,BR,-1.41,-51.64,89.62,54,38,3.53
439,6165406,Thompson,CA,55.74,-97.86,71.6,53,40,4.7
440,3458498,Linhares,BR,-19.39,-40.07,81.55,56,1,10.13
441,3833367,Ushuaia,AR,-54.8,-68.3,39.2,80,75,8.05
442,4030556,Rikitea,PF,-23.12,-134.97,75.6,82,61,14.18
443,2017155,Saskylakh,RU,71.92,114.08,53.28,74,70,10.54
444,2075265,Busselton,AU,-33.65,115.33,55.6,77,100,5.55
445,3370903,Jamestown,SH,-15.94,-5.72,66.18,83,32,18.37
446,2630299,Hofn,IS,64.25,-15.21,50.0,93,90,14.99
447,4035715,Avarua,CK,-21.21,-159.78,69.8,68,75,11.41
448,662222,Zerind,RO,46.62,21.52,66.99,97,100,1.99
449,3421193,Paamiut,GL,61.99,-49.67,39.83,83,95,18.75
450,1068971,Antsohihy,MG,-14.88,47.99,76.59,55,18,7.85
451,1630639,Pringsewu,ID,-5.36,104.97,74.43,93,74,1.36
452,1633419,Padang,ID,-0.95,100.35,79.07,81,99,5.01
453,3370903,Jamestown,SH,-15.94,-5.72,66.18,83,32,18.37
454,1263752,Māngrol,IN,21.12,70.12,83.84,77,100,2.75
455,3069493,Nové Hrady,CZ,48.79,14.78,62.91,80,100,4.0
456,4030556,Rikitea,PF,-23.12,-134.97,75.6,82,61,14.18
457,5905393,Bonavista,CA,48.65,-53.11,45.0,79,100,1.99
458,1015776,Bredasdorp,ZA,-34.53,20.04,55.4,87,17,5.93
459,2077895,Alice Springs,AU,-23.7,133.88,49.51,49,90,7.58
460,2020838,Lensk,RU,60.73,114.93,55.8,90,97,2.75
461,2074865,Carnarvon,AU,-24.87,113.63,67.21,26,0,17.31
462,5924351,Clyde River,CA,70.47,-68.59,32.0,93,40,24.16
463,159647,Hedaru,TZ,-4.5,37.9,68.43,68,44,6.08
464,4030556,Rikitea,PF,-23.12,-134.97,75.6,82,61,14.18
465,3894426,Coyhaique,CL,-45.58,-72.07,32.0,78,75,2.98
466,2123814,Leningradskiy,RU,69.38,178.42,42.58,86,0,2.06
467,2206939,Bluff,NZ,-46.6,168.33,49.55,89,23,9.42
468,4020109,Atuona,PF,-9.8,-139.03,79.79,76,43,13.15
469,2121385,Severo-Kuril'sk,RU,50.68,156.12,40.91,92,100,14.32
470,3391889,Pitimbu,BR,-7.47,-34.81,84.2,70,40,8.05
471,6137462,Saint-Augustin,CA,51.23,-58.65,60.75,40,26,16.71
472,2163355,Hobart,AU,-42.88,147.33,55.72,54,90,6.93
473,6255012,Flinders,AU,-34.58,150.86,60.15,66,0,11.01
474,359783,Assiut,EG,27.18,31.18,89.6,31,0,17.22
475,3379507,Bartica,GY,6.4,-58.62,84.2,83,75,6.93
476,2067089,Maningrida,AU,-12.07,134.27,71.64,85,2,9.98
477,1282256,Hithadhoo,MV,-0.6,73.08,85.01,75,95,14.16
478,3370903,Jamestown,SH,-15.94,-5.72,66.18,83,32,18.37
479,2075265,Busselton,AU,-33.65,115.33,55.6,77,100,5.55
480,3833367,Ushuaia,AR,-54.8,-68.3,39.2,80,75,8.05
481,3896218,Castro,CL,-42.47,-73.77,46.58,100,100,6.93
482,4020109,Atuona,PF,-9.8,-139.03,79.79,76,43,13.15
483,3874787,Punta Arenas,CL,-53.15,-70.92,39.09,86,40,4.7
484,1067565,Beloha,MG,-25.17,45.05,63.25,91,4,9.6
485,4020109,Atuona,PF,-9.8,-139.03,79.79,76,43,13.15
486,5855927,Hilo,US,19.73,-155.09,69.06,83,75,5.82
487,5848280,Kapaa,US,22.08,-159.32,72.86,83,20,13.87
488,3874787,Punta Arenas,CL,-53.15,-70.92,39.09,86,40,4.7
489,2015306,Tiksi,RU,71.69,128.87,52.07,60,100,11.39
490,6185377,Yellowknife,CA,62.46,-114.35,56.7,62,75,25.28
491,2511180,Santa Cruz de La Palma,ES,28.68,-17.76,76.55,57,36,4.7
492,5637146,Anaconda,US,46.13,-112.94,50.0,39,20,4.7
493,3833367,Ushuaia,AR,-54.8,-68.3,39.2,80,75,8.05
494,3459094,Laguna,BR,-28.48,-48.78,65.55,72,36,16.98
495,2015306,Tiksi,RU,71.69,128.87,52.07,60,100,11.39
496,3842881,Nueve de Julio,AR,-35.44,-60.88,54.95,40,68,13.13
497,2074865,Carnarvon,AU,-24.87,113.63,67.21,26,0,17.31
498,2015306,Tiksi,RU,71.69,128.87,52.07,60,100,11.39
499,3359638,Walvis Bay,NA,-22.96,14.51,74.37,15,0,11.41
500,4030556,Rikitea,PF,-23.12,-134.97,75.6,82,61,14.18
501,3347353,Menongue,AO,-14.66,17.69,61.86,50,0,3.78
502,2077963,Albany,AU,-35.02,117.89,57.2,71,90,8.05
503,6620339,Karratha,AU,-20.74,116.85,71.87,37,0,14.29
504,1282256,Hithadhoo,MV,-0.6,73.08,85.01,75,95,14.16
505,241131,Victoria,SC,-4.62,55.45,82.4,83,40,8.05
506,2156643,Mount Gambier,AU,-37.83,140.77,51.8,100,75,10.29
507,3445026,Vila Velha,BR,-20.33,-40.29,77.86,74,75,8.05
508,6170031,Tuktoyaktuk,CA,69.45,-133.04,59.0,51,75,9.17
509,4030556,Rikitea,PF,-23.12,-134.97,75.6,82,61,14.18
510,5848280,Kapaa,US,22.08,-159.32,72.86,83,20,13.87
511,4032243,Vaini,TO,-21.2,-175.2,69.8,68,20,12.75
512,6620339,Karratha,AU,-20.74,116.85,71.87,37,0,14.29
513,213940,Kasongo,CD,-4.45,26.67,78.12,45,0,3.36
514,2075265,Busselton,AU,-33.65,115.33,55.6,77,100,5.55
515,5880054,Barrow,US,71.29,-156.79,37.4,71,1,10.29
516,1214488,Meulaboh,ID,4.14,96.13,77.95,88,100,5.17
517,3874787,Punta Arenas,CL,-53.15,-70.92,39.09,86,40,4.7
518,1853371,Ryōtsu-minato,JP,38.08,138.43,68.0,88,14,6.93
519,1490256,Talnakh,RU,69.49,88.4,44.6,56,8,11.18
520,5282297,Bethel,US,41.37,-73.41,70.77,45,40,5.82
521,1623197,Tual,ID,-5.67,132.75,81.05,83,93,23.91
522,935215,Saint-Philippe,RE,-21.36,55.77,66.43,78,48,12.75
523,5557293,Sitka,US,57.05,-135.33,50.0,87,75,4.7
524,2077963,Albany,AU,-35.02,117.89,57.2,71,90,8.05
525,5866583,Saint Paul Harbor,US,57.79,-152.41,50.0,81,1,4.94
526,330534,Mīzan Teferī,ET,6.98,35.58,64.33,92,90,0.87
527,2077963,Albany,AU,-35.02,117.89,57.2,71,90,8.05
528,2126123,Chokurdakh,RU,70.63,147.92,65.55,53,16,3.69
529,2120591,Tilichiki,RU,60.47,166.1,42.93,78,85,1.81
530,2206939,Bluff,NZ,-46.6,168.33,49.55,89,23,9.42
531,3421765,Nanortalik,GL,60.14,-45.24,40.57,74,79,6.55
532,2077963,Albany,AU,-35.02,117.89,57.2,71,90,8.05
533,1791779,Wanning,CN,18.8,110.4,79.34,87,100,14.99
534,923295,Zomba,MW,-15.39,35.32,57.25,87,23,4.92
535,2074865,Carnarvon,AU,-24.87,113.63,67.21,26,0,17.31
536,3874787,Punta Arenas,CL,-53.15,-70.92,39.09,86,40,4.7
537,1006984,East London,ZA,-33.02,27.91,62.13,74,62,8.84
538,5848280,Kapaa,US,22.08,-159.32,72.86,83,20,13.87
539,3723593,Jérémie,HT,18.65,-74.12,85.93,64,60,4.0
540,2206939,Bluff,NZ,-46.6,168.33,49.55,89,23,9.42
541,371745,Kutum,SD,14.2,24.67,88.52,19,50,10.16
542,5848280,Kapaa,US,22.08,-159.32,72.86,83,20,13.87
543,3421765,Nanortalik,GL,60.14,-45.24,40.57,74,79,6.55
544,964432,Port Alfred,ZA,-33.59,26.89,57.99,92,65,1.99
545,2126785,Belaya Gora,RU,68.53,146.42,67.05,50,92,3.71
546,1056899,Sambava,MG,-14.27,50.17,73.27,81,96,12.66
547,2070998,Geraldton,AU,-28.77,114.6,51.8,81,0,3.36
548,2063036,Port Lincoln,AU,-34.73,135.87,59.11,82,100,13.71
549,4030556,Rikitea,PF,-23.12,-134.97,75.6,82,61,14.18
550,3370903,Jamestown,SH,-15.94,-5.72,66.18,83,32,18.37
551,910111,Livingstone,ZM,-17.84,25.85,66.09,48,87,4.12
552,3459094,Laguna,BR,-28.48,-48.78,65.55,72,36,16.98
553,4944903,Nantucket,US,41.28,-70.1,63.16,72,75,21.92
554,1015776,Bredasdorp,ZA,-34.53,20.04,55.4,87,17,5.93
555,898947,Senanga,ZM,-16.12,23.27,64.8,44,0,5.79
556,3416888,Grindavik,IS,63.84,-22.43,50.0,66,40,17.22
557,100926,Umluj,SA,25.02,37.27,82.98,56,0,6.49
558,3421719,Narsaq,GL,60.92,-46.05,44.6,52,75,8.05
559,3366880,Hermanus,ZA,-34.42,19.23,55.99,85,60,13.27
560,3361934,Saldanha,ZA,-33.01,17.94,60.8,67,0,3.36
561,3874787,Punta Arenas,CL,-53.15,-70.92,39.09,86,40,4.7
562,1649150,Bengkulu,ID,-3.8,102.27,78.35,81,65,4.29
563,3466165,Cidreira,BR,-30.18,-50.21,61.29,77,22,15.43
564,4020109,Atuona,PF,-9.8,-139.03,79.79,76,43,13.15
565,964432,Port Alfred,ZA,-33.59,26.89,57.99,92,65,1.99
566,616445,Margahovit,AM,40.73,44.68,60.85,68,40,11.41
567,3366880,Hermanus,ZA,-34.42,19.23,55.99,85,60,13.27
568,3883457,Lebu,CL,-37.62,-73.65,54.03,76,100,27.02
569,3833367,Ushuaia,AR,-54.8,-68.3,39.2,80,75,8.05
570,4020109,Atuona,PF,-9.8,-139.03,79.79,76,43,13.15
571,1282256,Hithadhoo,MV,-0.6,73.08,85.01,75,95,14.16
572,2075265,Busselton,AU,-33.65,115.33,55.6,77,100,5.55
573,6185377,Yellowknife,CA,62.46,-114.35,56.7,62,75,25.28
574,2075265,Busselton,AU,-33.65,115.33,55.6,77,100,5.55
575,3397763,Jacareacanga,BR,-6.22,-57.75,92.41,40,68,3.96
576,1787599,Xingyi,CN,24.19,102.82,62.82,97,93,4.07
577,5973108,Hearst,CA,49.68,-83.67,74.48,21,29,10.78
578,1791779,Wanning,CN,18.8,110.4,79.34,87,100,14.99
579,5896969,Beaverlodge,CA,55.22,-119.44,53.6,54,75,26.4
580,1006984,East London,ZA,-33.02,27.91,62.13,74,62,8.84
581,4034551,Faanui,PF,-16.48,-151.75,80.42,79,89,15.1
582,1809263,Guozhen,CN,34.37,107.36,65.79,84,100,5.08
583,5994763,Labelle,CA,46.28,-74.73,75.76,31,16,1.92
584,3831208,Qaanaaq,GL,77.48,-69.36,35.62,84,72,5.91
585,1505991,Igarka,RU,67.47,86.58,44.31,58,27,6.58
586,964420,Port Elizabeth,ZA,-33.92,25.57,55.4,93,16,9.17
587,3874787,Punta Arenas,CL,-53.15,-70.92,39.09,86,40,4.7
588,2022143,Khuzhir,RU,53.19,107.34,51.58,67,1,4.74
589,3443061,Chui,UY,-33.7,-53.46,58.35,66,93,10.25
590,2075265,Busselton,AU,-33.65,115.33,55.6,77,100,5.55
591,3833367,Ushuaia,AR,-54.8,-68.3,39.2,80,75,8.05
592,3934707,Mollendo,PE,-17.02,-72.01,66.33,68,63,8.08
593,654363,Kankaanpää,FI,61.8,22.42,76.86,35,0,12.75
594,3831208,Qaanaaq,GL,77.48,-69.36,35.62,84,72,5.91
595,2077963,Albany,AU,-35.02,117.89,57.2,71,90,8.05
596,4030556,Rikitea,PF,-23.12,-134.97,75.6,82,61,14.18
597,1715588,Dapdap,PH,12.06,125.49,79.9,78,100,3.83
598,3372760,Praia da Vitória,PT,38.73,-27.07,64.4,93,90,11.79
599,6185377,Yellowknife,CA,62.46,-114.35,56.7,62,75,25.28
600,3874787,Punta Arenas,CL,-53.15,-70.92,39.09,86,40,4.7
601,3370903,Jamestown,SH,-15.94,-5.72,66.18,83,32,18.37
602,3833883,Trelew,AR,-43.25,-65.31,54.82,40,100,18.7
603,546105,Nikolskoye,RU,59.7,30.79,76.59,50,28,6.71
604,1507390,Dikson,RU,73.51,80.55,33.91,91,98,17.16
605,6185377,Yellowknife,CA,62.46,-114.35,56.7,62,75,25.28
606,3369157,Cape Town,ZA,-33.93,18.42,59.0,72,20,6.93
607,2206939,Bluff,NZ,-46.6,168.33,49.55,89,23,9.42
608,3833367,Ushuaia,AR,-54.8,-68.3,39.2,80,75,8.05
609,2075265,Busselton,AU,-33.65,115.33,55.6,77,100,5.55
610,3402648,Carutapera,BR,-1.2,-46.02,82.9,81,95,6.93
611,3430863,Mar del Plata,AR,-38.0,-57.56,54.5,58,55,8.05
612,2206939,Bluff,NZ,-46.6,168.33,49.55,89,23,9.42
613,2027042,Batagay-Alyta,RU,67.8,130.41,53.28,57,100,3.06
614,3874787,Punta Arenas,CL,-53.15,-70.92,39.09,86,40,4.7
615,5367788,Lompoc,US,34.64,-120.46,62.69,77,0,5.82
616,3833367,Ushuaia,AR,-54.8,-68.3,39.2,80,75,8.05
617,3366880,Hermanus,ZA,-34.42,19.23,55.99,85,60,13.27
618,3833367,Ushuaia,AR,-54.8,-68.3,39.2,80,75,8.05
619,3370903,Jamestown,SH,-15.94,-5.72,66.18,83,32,18.37
620,3366880,Hermanus,ZA,-34.42,19.23,55.99,85,60,13.27
621,5367788,Lompoc,US,34.64,-120.46,62.69,77,0,5.82
622,2017155,Saskylakh,RU,71.92,114.08,53.28,74,70,10.54
623,2127202,Anadyr,RU,64.75,177.48,35.26,96,56,8.34
624,5848280,Kapaa,US,22.08,-159.32,72.86,83,20,13.87
625,2163355,Hobart,AU,-42.88,147.33,55.72,54,90,6.93
626,6122707,Rivers,CA,50.03,-100.24,73.4,60,75,21.92
627,4030556,Rikitea,PF,-23.12,-134.97,75.6,82,61,14.18
628,2155415,New Norfolk,AU,-42.78,147.06,53.19,80,99,3.0
629,2411397,Georgetown,SH,-7.93,-14.42,78.49,73,27,15.57
630,4020109,Atuona,PF,-9.8,-139.03,79.79,76,43,13.15
631,1636022,Martapura,ID,-3.42,114.85,75.16,95,1,2.35
632,3874787,Punta Arenas,CL,-53.15,-70.92,39.09,86,40,4.7
633,3874787,Punta Arenas,CL,-53.15,-70.92,39.09,86,40,4.7
634,4030556,Rikitea,PF,-23.12,-134.97,75.6,82,61,14.18
635,2075265,Busselton,AU,-33.65,115.33,55.6,77,100,5.55
636,2411397,Georgetown,SH,-7.93,-14.42,78.49,73,27,15.57
637,3663529,Manacapuru,BR,-3.3,-60.62,89.6,66,40,3.36
638,777019,Vardø,NO,70.37,31.11,48.2,57,40,29.97
639,241131,Victoria,SC,-4.62,55.45,82.4,83,40,8.05
640,2093967,Kimbe,PG,-5.55,150.14,75.81,88,14,3.44
641,964432,Port Alfred,ZA,-33.59,26.89,57.99,92,65,1.99
642,3424607,Tasiilaq,GL,65.61,-37.64,44.6,70,75,5.82
643,3651949,San Cristobal,EC,-0.9,-89.62,77.0,69,20,13.87
644,4030556,Rikitea,PF,-23.12,-134.97,75.6,82,61,14.18
645,3361934,Saldanha,ZA,-33.01,17.94,60.8,67,0,3.36
646,187968,Malindi,KE,-3.22,40.12,80.6,83,40,13.87
647,4030556,Rikitea,PF,-23.12,-134.97,75.6,82,61,14.18
648,2110227,Butaritari,KI,3.07,172.79,83.12,73,21,7.7
649,3652764,Puerto Ayora,EC,-0.74,-90.35,75.76,73,40,14.99
650,553169,Kandry,RU,54.57,54.12,57.29,84,68,4.92
651,3452712,Porto Murtinho,BR,-21.7,-57.88,88.59,38,0,8.72
652,3393536,Olinda,BR,-8.01,-34.86,80.6,83,75,17.22
653,1644605,Galesong,ID,-5.32,119.37,78.8,100,20,2.24
654,964420,Port Elizabeth,ZA,-33.92,25.57,55.4,93,16,9.17
655,6170031,Tuktoyaktuk,CA,69.45,-133.04,59.0,51,75,9.17
656,3833367,Ushuaia,AR,-54.8,-68.3,39.2,80,75,8.05
657,3896218,Castro,CL,-42.47,-73.77,46.58,100,100,6.93
658,5848280,Kapaa,US,22.08,-159.32,72.86,83,20,13.87
659,4030556,Rikitea,PF,-23.12,-134.97,75.6,82,61,14.18
660,1529376,Korla,CN,41.76,86.15,73.99,43,0,1.99
661,2156643,Mount Gambier,AU,-37.83,140.77,51.8,100,75,10.29
662,5855927,Hilo,US,19.73,-155.09,69.06,83,75,5.82
663,3893629,Coquimbo,CL,-29.95,-71.34,57.2,76,90,5.82
664,2208248,Kaitangata,NZ,-46.28,169.85,45.0,77,0,3.0
665,6620339,Karratha,AU,-20.74,116.85,71.87,37,0,14.29
666,2155562,Nelson Bay,AU,-32.72,152.15,50.0,87,0,10.29
667,3874787,Punta Arenas,CL,-53.15,-70.92,39.09,86,40,4.7
668,2630299,Hofn,IS,64.25,-15.21,50.0,93,90,14.99
669,3393008,Parintins,BR,-2.63,-56.74,91.11,47,11,3.71
670,2075265,Busselton,AU,-33.65,115.33,55.6,77,100,5.55
671,1028918,Pemba,MZ,-12.97,40.52,78.4,57,20,16.11
672,2629833,Husavik,IS,66.04,-17.34,55.4,71,75,27.51
673,2070998,Geraldton,AU,-28.77,114.6,51.8,81,0,3.36
674,2155415,New Norfolk,AU,-42.78,147.06,53.19,80,99,3.0
675,2013392,Vilyuysk,RU,63.76,121.62,59.56,49,58,10.09
676,2194098,Ahipara,NZ,-35.17,173.17,55.87,86,100,9.17
677,1492110,Shitkino,RU,56.37,98.35,52.02,90,71,2.95
678,2126123,Chokurdakh,RU,70.63,147.92,65.55,53,16,3.69
679,2075265,Busselton,AU,-33.65,115.33,55.6,77,100,5.55
680,2075265,Busselton,AU,-33.65,115.33,55.6,77,100,5.55
681,3389609,Santa Inês,BR,-3.67,-45.38,86.61,67,72,6.69
682,6165406,Thompson,CA,55.74,-97.86,71.6,53,40,4.7
683,2163355,Hobart,AU,-42.88,147.33,55.72,54,90,6.93
684,3629710,Puerto Ayacucho,VE,5.66,-67.62,80.6,69,75,3.36
685,2112802,Hasaki,JP,35.73,140.83,71.56,88,75,9.17
686,4035715,Avarua,CK,-21.21,-159.78,69.8,68,75,11.41
687,1486321,Yar-Sale,RU,66.83,70.83,57.96,51,91,14.88
688,5870133,Nome,US,64.5,-165.41,55.24,71,90,6.93
689,3520994,Puerto Escondido,MX,15.85,-97.07,86.0,74,5,6.93
690,4030556,Rikitea,PF,-23.12,-134.97,75.6,82,61,14.18
691,1512101,Agirish,RU,61.92,63.02,64.42,53,100,6.31
692,2620425,Aulum,DK,56.26,8.79,75.43,47,10,5.82
693,5282297,Bethel,US,41.37,-73.41,70.77,45,40,5.82
694,964420,Port Elizabeth,ZA,-33.92,25.57,55.4,93,16,9.17
695,3553478,Santa Fe,CU,23.13,-82.26,87.39,62,75,3.36
696,1507390,Dikson,RU,73.51,80.55,33.91,91,98,17.16
697,2411397,Georgetown,SH,-7.93,-14.42,78.49,73,27,15.57
698,3372707,Ribeira Grande,PT,38.52,-28.7,68.0,68,40,16.11
699,3984997,San Quintín,MX,30.48,-115.95,66.63,66,89,6.13
700,3152548,Hjelset,NO,62.78,7.48,75.2,50,20,10.29
701,6167817,Torbay,CA,47.67,-52.73,46.89,100,90,4.7
702,4032243,Vaini,TO,-21.2,-175.2,69.8,68,20,12.75
703,4032243,Vaini,TO,-21.2,-175.2,69.8,68,20,12.75
704,3833367,Ushuaia,AR,-54.8,-68.3,39.2,80,75,8.05
705,162158,Baharly,TM,38.44,57.43,99.03,9,0,7.43
706,2178753,Kirakira,SB,-10.45,161.92,79.27,82,20,12.46
707,1317402,Kyaikkami,MM,16.08,97.57,78.84,90,100,13.0
708,1259385,Port Blair,IN,11.67,92.75,82.89,82,100,15.86
709,2219235,Ubari,LY,26.59,12.78,95.07,12,0,19.1
710,2126199,Cherskiy,RU,68.75,161.3,65.17,49,100,3.78
711,6167817,Torbay,CA,47.67,-52.73,46.89,100,90,4.7
712,3833367,Ushuaia,AR,-54.8,-68.3,39.2,80,75,8.05
713,935215,Saint-Philippe,RE,-21.36,55.77,66.43,78,48,12.75
714,2163355,Hobart,AU,-42.88,147.33,55.72,54,90,6.93
715,3419842,Sisimiut,GL,66.94,-53.67,38.19,77,100,7.4
716,3460940,Itacaré,BR,-14.28,-39.0,77.0,94,40,17.22
717,4030556,Rikitea,PF,-23.12,-134.97,75.6,82,61,14.18
718,5122534,Jamestown,US,42.1,-79.24,65.52,55,90,5.53
719,4030556,Rikitea,PF,-23.12,-134.97,75.6,82,61,14.18
720,2077963,Albany,AU,-35.02,117.89,57.2,71,90,8.05
721,7626370,Bud,NO,62.91,6.91,75.2,50,20,10.29
722,5983607,Inuvik,CA,68.35,-133.72,60.8,55,75,9.17
723,3372707,Ribeira Grande,PT,38.52,-28.7,68.0,68,40,16.11
724,2063036,Port Lincoln,AU,-34.73,135.87,59.11,82,100,13.71
725,2155415,New Norfolk,AU,-42.78,147.06,53.19,80,99,3.0
726,4030556,Rikitea,PF,-23.12,-134.97,75.6,82,61,14.18
727,503965,Pushkinskiye Gory,RU,57.02,28.91,70.27,83,86,5.32
728,2206939,Bluff,NZ,-46.6,168.33,49.55,89,23,9.42
729,3669087,Pueblo Bello,CO,8.2,-76.53,78.8,88,75,1.1
730,4034551,Faanui,PF,-16.48,-151.75,80.42,79,89,15.1
731,5847411,Kahului,US,20.89,-156.47,73.94,69,20,12.75
732,935215,Saint-Philippe,RE,-21.36,55.77,66.43,78,48,12.75
733,2137773,Vao,NC,-22.67,167.48,72.01,72,0,20.92
734,2074865,Carnarvon,AU,-24.87,113.63,67.21,26,0,17.31
735,3932145,Pisco,PE,-13.7,-76.22,66.11,72,75,8.05
736,935215,Saint-Philippe,RE,-21.36,55.77,66.43,78,48,12.75
737,2015306,Tiksi,RU,71.69,128.87,52.07,60,100,11.39
738,2136825,Isangel,VU,-19.55,169.27,73.13,78,8,17.81
739,933288,Mopipi,BW,-21.18,24.88,60.78,44,0,3.27
740,3896218,Castro,CL,-42.47,-73.77,46.58,100,100,6.93
741,3369157,Cape Town,ZA,-33.93,18.42,59.0,72,20,6.93
742,1803560,Lingao,CN,19.91,109.69,79.81,81,95,6.8
743,3470451,Barretos,BR,-20.56,-48.57,79.23,47,0,8.93
744,3874787,Punta Arenas,CL,-53.15,-70.92,39.09,86,40,4.7
745,5779548,Payson,US,40.04,-111.73,70.18,52,75,8.05
746,3874787,Punta Arenas,CL,-53.15,-70.92,39.09,86,40,4.7
747,1507390,Dikson,RU,73.51,80.55,33.91,91,98,17.16
748,5354943,Half Moon Bay,US,37.46,-122.43,64.81,87,90,10.29
749,3366880,Hermanus,ZA,-34.42,19.23,55.99,85,60,13.27
750,4030556,Rikitea,PF,-23.12,-134.97,75.6,82,61,14.18
751,3874787,Punta Arenas,CL,-53.15,-70.92,39.09,86,40,4.7
752,3831208,Qaanaaq,GL,77.48,-69.36,35.62,84,72,5.91
753,5847411,Kahului,US,20.89,-156.47,73.94,69,20,12.75
754,978895,Margate,ZA,-30.86,30.37,59.85,66,0,7.94
755,4030556,Rikitea,PF,-23.12,-134.97,75.6,82,61,14.18
756,5972291,Havre-St-Pierre,CA,50.23,-63.6,59.0,41,1,18.34
757,1006984,East London,ZA,-33.02,27.91,62.13,74,62,8.84
758,3896218,Castro,CL,-42.47,-73.77,46.58,100,100,6.93
759,3874787,Punta Arenas,CL,-53.15,-70.92,39.09,86,40,4.7
760,2075265,Busselton,AU,-33.65,115.33,55.6,77,100,5.55
761,2206939,Bluff,NZ,-46.6,168.33,49.55,89,23,9.42
762,1626542,Sorong,ID,-0.88,131.25,80.71,79,29,4.07
763,3894426,Coyhaique,CL,-45.58,-72.07,32.0,78,75,2.98
764,14177,Maku,IR,39.29,44.45,61.52,70,90,0.45
765,3693584,Pimentel,PE,-6.84,-79.93,71.6,64,14,17.22
766,2077963,Albany,AU,-35.02,117.89,57.2,71,90,8.05
767,2206939,Bluff,NZ,-46.6,168.33,49.55,89,23,9.42
768,1519938,Karatau,KZ,43.17,70.47,78.3,18,6,6.67
769,2077963,Albany,AU,-35.02,117.89,57.2,71,90,8.05
770,4500920,Brigantine,US,39.41,-74.36,66.85,60,1,17.22
771,1006984,East London,ZA,-33.02,27.91,62.13,74,62,8.84
772,3896218,Castro,CL,-42.47,-73.77,46.58,100,100,6.93
773,2144528,Warrnambool,AU,-38.38,142.48,54.0,92,100,18.59
774,4034188,Moerai,PF,-22.43,-151.33,71.46,73,100,19.57
775,4013679,Coahuayana Viejo,MX,18.73,-103.68,78.8,78,5,5.66
776,4030556,Rikitea,PF,-23.12,-134.97,75.6,82,61,14.18
777,525426,Sobolevo,RU,54.43,31.9,68.09,91,89,5.99
778,3420768,Qasigiannguit,GL,68.82,-51.19,37.4,80,75,4.7
779,2527087,Tiznit Province,MA,29.58,-9.5,80.96,25,0,8.72
780,2123814,Leningradskiy,RU,69.38,178.42,42.58,86,0,2.06
781,462008,Zubtsov,RU,56.18,34.59,65.79,84,82,5.97
782,3831208,Qaanaaq,GL,77.48,-69.36,35.62,84,72,5.91
783,3874787,Punta Arenas,CL,-53.15,-70.92,39.09,86,40,4.7
784,3874787,Punta Arenas,CL,-53.15,-70.92,39.09,86,40,4.7
785,2075265,Busselton,AU,-33.65,115.33,55.6,77,100,5.55
786,2729907,Longyearbyen,SJ,78.22,15.64,37.4,64,75,18.34
787,3353383,Rundu,NA,-17.93,19.77,63.21,36,0,5.86
788,3883457,Lebu,CL,-37.62,-73.65,54.03,76,100,27.02
789,934479,Grand Gaube,MU,-20.01,57.66,69.01,78,6,5.01
790,2023286,Kalga,RU,50.93,118.9,58.69,66,23,3.27
791,4032243,Vaini,TO,-21.2,-175.2,69.8,68,20,12.75
792,2156643,Mount Gambier,AU,-37.83,140.77,51.8,100,75,10.29
793,2318123,Yenagoa,NG,4.92,6.26,80.02,86,80,6.76
794,5887916,Athabasca,CA,54.72,-113.29,48.79,93,100,10.63
795,5866583,Saint Paul Harbor,US,57.79,-152.41,50.0,81,1,4.94
796,2110227,Butaritari,KI,3.07,172.79,83.12,73,21,7.7
797,4031574,Provideniya,RU,64.38,-173.3,55.18,55,77,3.65
798,3443061,Chui,UY,-33.7,-53.46,58.35,66,93,10.25
799,4030556,Rikitea,PF,-23.12,-134.97,75.6,82,61,14.18
800,5380437,Pacific Grove,US,36.62,-121.92,64.47,68,1,5.82
801,3459495,Júlio de Castilhos,BR,-29.23,-53.68,51.8,87,75,11.41
802,2181625,Te Anau,NZ,-45.42,167.72,51.64,86,86,4.92
803,4176380,Venice,US,27.1,-82.45,86.81,58,20,9.17
804,6170031,Tuktoyaktuk,CA,69.45,-133.04,59.0,51,75,9.17
805,2075265,Busselton,AU,-33.65,115.33,55.6,77,100,5.55
806,3084300,Sucha Beskidzka,PL,49.74,19.59,66.47,49,40,8.05
807,3424607,Tasiilaq,GL,65.61,-37.64,44.6,70,75,5.82
808,3466165,Cidreira,BR,-30.18,-50.21,61.29,77,22,15.43
809,3622716,Nicoya,CR,10.15,-85.45,84.2,74,75,3.36
810,2146219,Hervey Bay,AU,-25.3,152.85,63.0,93,8,5.99
811,563990,Dvinskoy,RU,62.15,45.12,68.45,59,41,5.14
812,5484874,Portales,US,34.19,-103.33,80.76,33,40,14.99
813,3500957,La Romana,DO,18.43,-68.97,87.8,66,40,13.87
814,4030556,Rikitea,PF,-23.12,-134.97,75.6,82,61,14.18
815,6185377,Yellowknife,CA,62.46,-114.35,56.7,62,75,25.28
816,101312,Turaif,SA,31.67,38.66,91.4,18,0,13.87
817,2155562,Nelson Bay,AU,-32.72,152.15,50.0,87,0,10.29
818,3883457,Lebu,CL,-37.62,-73.65,54.03,76,100,27.02
819,2123814,Leningradskiy,RU,69.38,178.42,42.58,86,0,2.06
820,2035002,Shangzhi,CN,45.22,127.97,51.75,94,4,0.67
821,3379316,Lethem,GY,3.38,-59.8,85.77,68,59,2.55
822,964420,Port Elizabeth,ZA,-33.92,25.57,55.4,93,16,9.17
823,5282297,Bethel,US,41.37,-73.41,70.77,45,40,5.82
824,1817240,Baiyin,CN,36.56,104.21,55.4,93,40,2.24
825,5969025,Haines Junction,CA,60.75,-137.51,57.31,57,37,1.28
826,935215,Saint-Philippe,RE,-21.36,55.77,66.43,78,48,12.75
827,3448903,São João da Barra,BR,-21.64,-41.05,75.2,73,90,13.87
828,3598787,Champerico,GT,14.3,-91.92,87.8,58,2,6.93
829,3423146,Ilulissat,GL,69.22,-51.1,37.4,86,75,4.7
830,1507390,Dikson,RU,73.51,80.55,33.91,91,98,17.16
831,3445026,Vila Velha,BR,-20.33,-40.29,77.86,74,75,8.05
832,359796,Suez,EG,29.97,32.53,79.16,39,0,15.48
833,3833367,Ushuaia,AR,-54.8,-68.3,39.2,80,75,8.05
834,2017155,Saskylakh,RU,71.92,114.08,53.28,74,70,10.54
835,6167817,Torbay,CA,47.67,-52.73,46.89,100,90,4.7
836,2303611,Esim,GH,4.87,-2.24,80.29,78,62,7.61
837,1649150,Bengkulu,ID,-3.8,102.27,78.35,81,65,4.29
838,2138555,Poum,NC,-20.23,164.02,73.81,77,0,15.46
839,3366880,Hermanus,ZA,-34.42,19.23,55.99,85,60,13.27
840,2206939,Bluff,NZ,-46.6,168.33,49.55,89,23,9.42
841,3430863,Mar del Plata,AR,-38.0,-57.56,54.5,58,55,8.05
842,2206939,Bluff,NZ,-46.6,168.33,49.55,89,23,9.42
843,5855927,Hilo,US,19.73,-155.09,69.06,83,75,5.82
844,2122104,Petropavlovsk-Kamchatskiy,RU,53.05,158.65,39.2,100,90,4.47
845,2075265,Busselton,AU,-33.65,115.33,55.6,77,100,5.55
846,3430863,Mar del Plata,AR,-38.0,-57.56,54.5,58,55,8.05
847,2206939,Bluff,NZ,-46.6,168.33,49.55,89,23,9.42
848,2071860,Esperance,AU,-33.87,121.9,48.2,93,90,8.05
849,3471451,Arraial do Cabo,BR,-22.97,-42.03,75.2,69,40,9.17
850,1006984,East London,ZA,-33.02,27.91,62.13,74,62,8.84
851,546105,Nikolskoye,RU,59.7,30.79,76.59,50,28,6.71
852,6170031,Tuktoyaktuk,CA,69.45,-133.04,59.0,51,75,9.17
853,2126123,Chokurdakh,RU,70.63,147.92,65.55,53,16,3.69
854,2074865,Carnarvon,AU,-24.87,113.63,67.21,26,0,17.31
855,749778,Çanakkale Province,TR,40.08,26.83,75.2,69,75,12.75
856,1106677,Bambous Virieux,MU,-20.34,57.76,70.36,68,75,13.87
857,610298,Beyneu,KZ,45.32,55.2,85.64,19,2,20.69
858,5880054,Barrow,US,71.29,-156.79,37.4,71,1,10.29
859,5848280,Kapaa,US,22.08,-159.32,72.86,83,20,13.87
860,3874787,Punta Arenas,CL,-53.15,-70.92,39.09,86,40,4.7
861,2155415,New Norfolk,AU,-42.78,147.06,53.19,80,99,3.0
862,964432,Port Alfred,ZA,-33.59,26.89,57.99,92,65,1.99
863,2139521,Noumea,NC,-22.28,166.46,60.8,93,4,11.81
864,3833367,Ushuaia,AR,-54.8,-68.3,39.2,80,75,8.05
865,2155415,New Norfolk,AU,-42.78,147.06,53.19,80,99,3.0
866,6170031,Tuktoyaktuk,CA,69.45,-133.04,59.0,51,75,9.17
867,4031574,Provideniya,RU,64.38,-173.3,55.18,55,77,3.65
868,508034,Podporozh'ye,RU,60.91,34.17,71.83,63,7,2.62
869,5962582,Golden,CA,51.3,-116.97,55.4,58,75,14.99
870,6096551,Pangnirtung,CA,66.15,-65.71,41.0,80,40,17.22
871,2126199,Cherskiy,RU,68.75,161.3,65.17,49,100,3.78
872,3443061,Chui,UY,-33.7,-53.46,58.35,66,93,10.25
873,6167817,Torbay,CA,47.67,-52.73,46.89,100,90,4.7
874,2246451,Saint-Louis,SN,16.33,-15.0,98.6,32,1,2.24
875,4032243,Vaini,TO,-21.2,-175.2,69.8,68,20,12.75
876,1270375,Harda,IN,22.33,77.1,86.2,65,98,12.91
